,business_name,latitude,longitude
161,New China Restaurant,28.554136,-81.488496
560,Subway,26.1750612,-81.717576
1024,Dunkin,28.4748177,-81.4744213
1735,Subway,30.4689481,-83.4103999
2151,Dunkin',27.447710999999998,-80.3237766
2257,Domino's Pizza,28.2311482,-80.6961465
2550,Krystal - Closed,26.136963899999998,-80.1542898
2743,Pizza Hut Express,29.110176,-81.028823
2852,Planet Smoothie,28.467834,-81.30856
3385,Auntie Anne's,30.4363536,-84.2540755
3430,Subway,26.7143342,-81.81516529999999
3895,Mandarin Village,26.128247899999998,-80.2685846
4005,Subway,26.206837,-80.235039
4296,Wing Zone,29.646507,-82.348012
4443,Golden Corral,27.268245,-80.287482
4467,Pizza Hut,30.5423752,-84.22475089999999
4985,Subway,29.921654099999998,-82.1303705
5065,Domino's Pizza,27.2459922,-80.2365098
5588,Jerry's Famous Deli,25.7871165,-80.1308614
5601,Menchie's Frozen Yogurt,28.252261999999998,-81.31721499999999
5657,Mocha Cafe and Lounge,25.8900044,-80.1839248
5712,The Grille at Bellalago,28.1863775,-81.41296009999999
5819,Marco's Pizza,27.976654,-81.95647
5894,Chick-fil-A,30.474649999999997,-87.234065
6034,Checkers,26.6282388,-80.0884023
6587,Burger King,26.124388399999997,-81.76423969999999
6822,Carvel,27.313784499999997,-80.4008849
7332,Subway,26.1202446,-80.1391804
7814,Carpe Diem,26.4615205,-80.0719536
8002,Subway,26.4587912,-80.0942249
8363,Jimmy John's,30.4638705,-84.22866169999999
8523,Subway,28.0952144,-82.74078159999999
8632,Subway,25.683798,-80.31649999999999
8650,Domino's Pizza,28.855793499999997,-82.38913869999999
8700,Subway,30.184343199999997,-85.8168713
8726,Champions Sports Bar,27.9410477,-82.4539191
9035,Domino's Pizza,28.0271366,-81.97431809999999
9195,Domino's Pizza,28.0325809,-80.6232066
9363,Sun Yat Chinese Kitchen,26.2862647,-80.23287789999999
9486,Jamba Flamingo Falls,26.026709,-80.31361
9713,Subway,26.228640799999997,-81.6056497
9928,Menchie's Frozen Yogurt,28.599113,-81.20837
10074,Dairy Queen Grill & Chill,26.6182897,-80.11880239999999
10098,Dragon Court,28.613125,-81.2058406
10445,Chick-fil-A,30.187789199999997,-85.64773869999999
10586,Subway,28.0237256,-82.58373739999999
11062,Gondolier Pizza,28.054345899999998,-82.5819609
11102,Chart House - CLOSED,26.1651974,-80.1036835
11275,Subway,29.7499796,-81.3444763
11293,Marco's Pizza,27.162352,-80.27065
11678,Subway,26.6982817,-81.9405029
11720,First Watch,30.221404999999997,-81.56595999999999
11772,China Gate Restaurant,25.5877469,-80.3598076
11988,Chinese Gourmet Express,27.9468906,-82.52752249999999
12150,Pizza Bella,30.211297799999997,-81.61801249999999
12798,Tropical Smoothie Cafe,27.0373998,-82.21374809999999
12940,Papa John's Pizza,26.3311763,-81.8066942
13164,Smoothie King,26.306960999999998,-80.09194
13268,Jersey Mike's Subs,26.046476,-80.251015
13777,Bice Bistro,25.728745999999997,-80.242166
13794,Little Caesars Pizza,30.701185,-86.5702
13916,Subway,30.395168299999998,-85.6901092
13933,Dunkin',26.5254162,-80.09464229999999
13987,Domino's Pizza,27.3596543,-82.542095
14311,Subway,30.216412199999997,-84.3608685
14373,Subway,26.0613648,-80.2069483
14446,Papa John's Pizza,28.632859399999997,-81.3628538
14880,The Colonnade Restaurant,27.912360999999997,-82.4916229
15298,Subway,28.6039592,-81.5487807
15369,Subway,27.960562799999998,-82.4406029
15543,Tobacco Road,25.767467,-80.1947422
15567,Pizza Hut Express,25.980656999999997,-80.371887
15593,Auntie Anne's,28.431637199999997,-81.3083072
15786,Bongo's Bar and Grill,26.4605407,-81.965064
15834,Subway,28.7539034,-82.1036274
16249,Sarku Japan,26.5358432,-80.0951958
16598,Subway,29.702775,-82.3905657
16649,Lake Nona Deli & Market,28.3930205,-81.2667077
16823,China Wok,26.1805783,-81.7070439
17234,Subway,25.9840968,-80.18828049999999
18020,McDonald's,30.1766853,-81.6258277
18192,House of Cheung,26.368672,-80.07840399999999
18475,Subway,27.9968649,-82.43962189999999
18685,Subway,29.646237099999997,-81.6717652
18789,Domino's Pizza,27.4630671,-82.6108033
19386,Zheng's Chinese Restaurant,30.448689299999998,-84.2614127
19746,Chick-fil-A,26.0494846,-80.2512448
20070,Subway,25.897137299999997,-80.3320798
20369,Crispers,26.046567399999997,-80.2483439
20650,Subway,26.302970799999997,-80.13201529999999
20704,Auntie Anne's,26.647259199999997,-80.2087509
20983,Burger King,26.6345103,-80.17459269999999
21023,Subway,29.629507999999998,-82.43754559999999
21308,Subway,27.9391473,-82.254668
21799,Starbucks,30.263483599999997,-81.5266888
21965,Auntie Anne's,30.4756383,-87.2081843
21975,The Wing Spot,25.785314999999997,-80.13178239999999
22383,China Gourmet (We Deliver Food),28.5964055,-81.24341369999999
22940,Planet Smoothie,29.6526787,-82.3439693
22988,Subway,27.2641711,-80.4082708
23286,Shake Shack,27.953266799999998,-82.5027518
24044,Barbacoa Mexican Grill,30.1984237,-85.8145828
24134,Subway,27.270352,-80.4286698
24169,Subway,25.9804061,-80.3369274
24251,Subway,29.6801185,-82.4332706
24599,Aura Restaurant,26.212154599999998,-81.8104943
24819,Smoothie King,28.596612999999998,-81.210625
24885,Ario,25.928676799999998,-81.7288702
24988,Subway,26.785968999999998,-82.037178
25201,Subway,28.336765,-81.67084679999999
25519,Jersey Mike's Subs,30.420514999999998,-86.60942999999999
25970,Johnny Rockets,25.7772667,-80.1315472
26062,Pizza Hut,26.513386,-80.0594437
26357,Charleys Cheesesteaks,25.575139699999998,-80.3687145
26411,Subway,25.7406902,-80.25392149999999
26753,Taco Bell,30.3768715,-86.3538627
26766,Dunkin',27.1975414,-80.2231461
26936,Dunkin,26.3319837,-81.7539303
27004,Starbucks,26.304852999999998,-80.186889
27295,Blaze Pizza,26.371261999999998,-80.20266
27863,Taverna,30.303865,-81.6547243
28594,13 Gypsies,30.315061,-81.6891814
29049,Marco's Pizza,26.171398,-80.28622399999999
29171,Marino's Pizza - Pasta,25.685927799999998,-80.4195481
29403,Papa John's Pizza,25.6843844,-80.4176854
29530,Papa John's Pizza,28.545726499999997,-81.7302046
29624,Shake Shack,25.958197,-80.142838
30374,Subway,28.9082139,-81.97188249999999
30427,Jin Jin King,30.185617999999998,-85.770977
31391,Chipotle Mexican Grill,30.278616099999997,-81.71943449999999
31405,Pizza Hut Express,26.355151,-80.20515499999999
31446,Mustard Seed Cafe & Juice Bar,30.645928899999998,-81.45703639999999
31576,Bonefish Grill,27.8187708,-82.63914869999999
32490,Wendy's,27.8546054,-82.6391581
33148,Ocean 60 Restaurant,30.325249499999998,-81.3963323
33526,Subway,28.0815757,-80.6494317
33669,Trevini Ristorante,26.7192777,-80.0387732
33745,Limoncello Ristorante,26.8423767,-80.0623744
34311,Taco Bell,26.7817318,-80.0834933
35142,Jimmy John's,26.1083526,-80.1373509
35331,Osaka Japanese Steak House,30.1979689,-81.82857349999999
36911,Culver's,30.203833999999997,-81.7574996
37298,China Buffet,30.193763999999998,-81.743749
38599,Arby's,28.0908281,-81.9748232
38624,Subway,27.913363699999998,-82.7280797
38694,Subway,25.653364999999997,-80.3288948
38872,Subway,30.396801999999997,-87.286448
39857,Wendy's,27.982023599999998,-82.3808219
41275,Bob Evans,27.4432397,-82.4628264
41801,Subway,29.348497199999997,-81.7363963
41813,McDonald's,27.845199899999997,-82.68491329999999
42243,Aldo's New York Pizza,27.9669273,-82.7317934
42506,Taco Bell,27.855963,-82.6383889
43309,Taco Bell,28.049404,-82.6991132
43684,Papa John's Pizza,26.026252,-80.3136895
43777,Subway,29.655324099999998,-82.495601
43815,Another Broken Egg Cafe,26.00937,-80.29571
45214,Moe's Southwest Grill,28.002682,-81.976034
45641,Subway,26.3753621,-80.10122849999999
45824,Apps Pizza,28.245673999999998,-81.298976
46205,Dunkin',28.3048415,-81.4123171
46732,Checkers,26.2743924,-80.1338998
47223,Papa John's Pizza,26.180695999999998,-81.7069155
47337,McDonald's,27.4847292,-82.4313169
47949,Pita Gourmet,28.803903299999998,-81.33893839999999
47965,Sarku Japan,30.4748952,-87.20762529999999
48083,McDonald's,28.121945099999998,-80.6391038
48902,"Pane E Vino Italian Restaurant, Deli & Bakery",28.086667,-80.6522006
49327,Subway,28.0848816,-80.6219598
49867,Bubba Gump Shrimp Co.,29.2310996,-81.0097021
51172,Madras Cafe,26.683122899999997,-80.2292623
51406,Chef Chen Chinese Restaurant,25.593983899999998,-80.37664269999999
51814,Auntie Anne's,26.1687919,-80.1160757
51843,Great Wall Chinese Restaurant,28.229346,-80.6975303
52027,Dunkin',28.260959999999997,-81.61682859999999
52633,StreetWise Urban Food,28.4801254,-81.329132
52730,Riverside Cafe,27.511859899999997,-82.57525629999999
53221,Menchie's Frozen Yogurt,28.187738,-82.34738
53494,McDonald's,26.010541,-80.20500179999999
54782,Tropical Smoothie Cafe,27.8388593,-82.72403299999999
55272,Islands in the pines,26.011681499999998,-80.2506093
55483,McDonald's,27.8809063,-82.8306798
56246,Panda Express,27.9170475,-82.764489
56757,Dunkin',27.782968699999998,-82.7173947
58365,Hot Dog Heaven,28.555328,-81.31553
59642,Wendy's,30.2178455,-85.65011299999999
60697,Roux 30A,30.3407871,-86.1667549
60734,Rita's Italian Ice & Frozen Custard,27.851191,-82.820769
61146,Westshore,27.8575289,-82.83092119999999
61230,Subway,26.2418959,-80.24944889999999
61420,La Granja,26.044716299999997,-80.25914089999999
61497,Positano Ristorante,25.8166667,-80.3247222
61829,BrewBurgers,27.1077631,-82.3853008
62808,Subway,26.673187199999997,-80.08704469999999
63280,Domino's Pizza,25.697953,-80.1636073
63341,Sbarro,28.475483399999998,-81.45098159999999
64162,Pollo Tropical,25.933895999999997,-80.122002
65907,Jimmy John's,29.6522729,-82.3454811
66109,Smoothie King,30.37624,-86.35106999999999
66144,Nature's Table Clearwater [SPC ES Building],27.965239099999998,-82.7354682
66704,Asiago's Skillet,30.397682999999997,-86.6006699
67093,Subway,28.5477088,-81.3875637
67105,McDonald's,27.457321,-82.574888
68348,Checkers,27.4491072,-82.547096
69020,Wingstop,27.468757,-82.562496
69328,Wah Lay Chinese Take Out Restaurant,25.9827859,-80.2266392
69472,McDonald's,26.309159899999997,-80.2015505
70046,Subway,25.8493961,-80.1858445
70226,Subway,25.978543,-80.247489
70257,TGI Fridays,30.190424,-85.677477
72279,McDonald's,29.550516299999998,-81.2374038
73513,Woody's Bar-B-Que,29.4753187,-81.18077509999999
73860,The Mossfire Grill,30.312975899999998,-81.680939
74964,Waffle House,27.493362899999997,-82.4775391
75629,Jimmy John's,25.7743832,-80.1945025
75776,David's Cafe Cafecito,25.788066399999998,-80.1406686
78272,Carrabba's Italian Grill,30.210704699999997,-85.84825599999999
79190,Smoothie King,27.839579999999998,-82.70228
79504,Jersey Mike's Subs,26.271691999999998,-81.798744
79612,Subway,26.6591423,-80.1131008
79742,Auntie Anne's,28.475395799999998,-81.45080999999999
79762,Bodrum Restaurant,27.098682399999998,-82.4468765
79972,Cocoa Beach Thai & Sushi,28.318596099999997,-80.6103255
80111,Golden Krust Caribbean Restaurant,25.953046999999998,-80.2468
80573,Lightsey Fish Co & Seafood,27.229022,-80.830387
81399,Pizza Hut,26.698776,-81.761933
81502,LongHorn Steakhouse,30.471665599999998,-84.2917749
83093,Whataburger,30.427339399999997,-84.2383502
84324,Donna's Caribbean Restaurant,26.1907419,-80.2512546
85077,Snappers Fish & Chicken,25.8241253,-80.2248535
86013,Checkers,26.164332299999998,-80.2235755
86691,Snapper's Fish & Chicken,25.942684999999997,-80.215903
87419,Ben's Kosher Delicatessen Restaurant & Caterers,26.4078865,-80.2029649
87898,¡Ole!,25.772036099999998,-80.1858501
88071,Jimmy John's,28.6068043,-81.19710409999999
88397,Burger King,30.4616813,-84.3593436
88491,Smoothie King,25.912616999999997,-80.33091999999999
89463,The Rack - Currently CLOSED for remodeling. Opening In Late May / Early June,27.935834,-82.300259
89617,Tandoor Fine Indian Cuisine,27.3920936,-82.45298559999999
90204,Taco Bell,30.1850156,-81.735113
90376,Checkers,29.1876118,-81.0766391
91243,EJ's Bayfront Cafe,26.1433888,-81.7892552
91813,FANTASY Pizza,26.0072515,-80.29149199999999
92154,Carvel,28.0741908,-82.7373025
92306,Einstein Bros. Bagels,30.2718955,-81.5092236
92368,Sakura Japanese Sushi & Grill,30.4570346,-84.28114409999999
92754,Silver Pond,26.178618399999998,-80.2043089
93058,Tijuana Flats,26.1030178,-80.251341
93428,Pizza Hut Express,25.906348599999998,-80.1562916
93551,Latitudes Apollo,27.7509145,-82.412545
94190,Subway,27.946989799999997,-82.5237697
94231,Fon Shan Chinese Restaurant,26.569813999999997,-80.090986
94320,Papa John's Pizza,27.312646899999997,-80.4024744
94409,Chef Lins Asian Buffet,27.6358757,-80.3888626
95261,Burger King,25.9859883,-80.206302
95940,4 Rivers Smokehouse,26.262933999999998,-80.2508197
96832,First Watch,26.007220999999998,-80.31615
97729,Denny's,26.1469149,-80.25763479999999
99477,Zabb Thai & Sushi,26.102327,-80.26733399999999
100337,Bono's Pit Bar-B-Q,30.3231015,-81.4105174
100805,Rita's Italian Ice & Frozen Custard,26.487631,-81.789537
100823,Bella Cuba Restaurant,25.7911714,-80.1316872
101405,Midtown Caboose,30.458057399999998,-84.277604
102451,Skyline Chili,26.1569559,-81.7963819
103384,Hungry Howie's Pizza,26.2283302,-81.60573289999999
103570,Chick-fil-A,28.597119499999998,-81.2232889
105110,Kobe Japanese Steakhouse,28.6609998,-81.4007233
107485,Wendy's,25.984561,-80.1641169
108324,Pollos & Jarras,25.775716,-80.188287
109112,Marcos Pizza,28.2709959,-82.4789656
109216,Popeyes Louisiana Kitchen,28.3572377,-80.7015287
111813,McDonald's,25.897801599999998,-80.23167819999999
112626,Fire Wok,29.917094199999998,-81.29268689999999
112717,Origami Korean-Japanese Restaurant,26.548676,-81.80783629999999
113263,La Fiesta Mexicana,28.126604699999998,-81.6413978
114139,Checkers,25.897842699999998,-80.2108765
115485,New York Pizza & Pasta Cafe,28.216897,-80.675578
115694,Subway,25.8834298,-80.3311172
115764,Sbarro,25.868495799999998,-80.3180029
115815,LongHorn Steakhouse,28.378260899999997,-81.4039007
117203,The Habit Burger Grill,26.4386063,-80.0713468
117759,Tony Roma's,28.440541999999997,-81.471526
118603,Southern Social,27.6369084,-80.399168
119007,Ocean Prime,28.4507212,-81.4804705
119665,Sierra Grille,30.253724799999997,-81.38919949999999
120142,McDonald's,30.179406999999998,-81.55363
121009,NBC Sports Grill & Brew™,28.474031699999998,-81.465796
121792,Sonic Drive-In,27.9627305,-82.50496319999999
123040,Wendy's,28.450827,-81.56244099999999
123403,Starbucks,28.002811599999998,-81.9757006
123743,Dunkin',28.450290499999998,-81.56232849999999
123834,Raglan Road Irish Pub,28.3711664,-81.5176381
125152,McDonald's,28.262545,-81.434237
126514,Red Lobster,28.552549,-81.48034299999999
127541,Popeyes Louisiana Kitchen,28.334952599999998,-81.5900332
128804,Domino's Pizza,30.247647299999997,-81.7859218
129135,Subway,30.3472209,-81.5239878
129155,Subway,26.155055599999997,-81.72211659999999
129179,Tom Jenkins BBQ,26.1064851,-80.136692
130466,Hooks Fish & Chicken,26.1361776,-80.2331037
131132,Mini Pita Mediterranean Cafe,26.0925938,-80.1566678
131551,Chipotle Mexican Grill,26.1215129,-80.3306884
132295,Tijuana Flats,26.0071808,-80.3163055
133183,Lan Pan-Asian Cafe,25.6929227,-80.3052764
133539,Mike's Pizza of Kendall,25.687666699999998,-80.41695829999999
134055,Zaxby's Chicken Fingers & Buffalo Wings,30.180785999999998,-85.80266999999999
134774,McDonald's,30.161373599999997,-85.6606498
135771,Enzos Pizza & Grill,30.1734273,-85.7013423
136255,Texas de Brazil,30.259639,-81.529749
137825,Panera Bread,26.9357321,-80.1347736
138100,Yum Yum Chinese Take Out,26.9337944,-80.133252
138234,Al's Beach Club,30.394107799999997,-86.5915679
138666,Chipotle Mexican Grill,28.3463948,-81.48616679999999
139135,Wendy's,27.0503975,-82.3883173
139666,Las Palmas Restaurant,28.799522,-81.64482869999999
140689,Chuck E. Cheese,28.6626738,-81.4043614
141433,IHOP,28.684585499999997,-81.5326919
142104,Pollo Tropical,26.6492768,-80.0566393
142789,The Polite Pig,28.3705926,-81.5159766
143763,McDonald's,25.7289571,-80.4313871
144400,Bonefish Grill,25.6555459,-80.39643889999999
145442,Starbucks,28.238526099999998,-82.7282003
146090,McDonald's,28.1878082,-82.54632889999999
147005,Johnny Brusco's New York Style Pizza,28.191789999999997,-82.6364475
147344,Grand Sushi Hibachi Buffet,28.3086286,-82.70120899999999
149170,Starbucks,28.23555,-82.66684099999999
149741,Greek City Cafe,28.4764576,-82.61396169999999
151378,La Forchetta Italian Restaurant,27.1092972,-80.25829999999999
151730,Cicis,28.758986,-81.28383989999999
152184,Dunkin',28.6945278,-81.3280186
152743,Zaxby's Chicken Fingers & Buffalo Wings,30.330479999999998,-81.54923
153904,Cruisers Grill,30.269288,-81.389017
154450,Genghis Grill,28.094334399999997,-82.5037979
155024,Jimmy John's,27.944598499999998,-82.52199449999999
155127,McDonald's,30.4802167,-81.6357396
156309,Metro Diner,29.556734,-81.210655
157652,Burger King,30.3287333,-81.7304438
158449,Glory Days Grill,27.809662,-82.75471499999999
159210,TGI Fridays,29.128157899999998,-81.003073
161000,Choices Cafe,25.7798366,-80.23910339999999
161034,Subway,28.537200799999997,-81.20873619999999
162895,Trattoria Pasquale North,27.9966667,-82.52749999999999
163083,BurgerFi,30.322682699999998,-81.40428709999999
163167,Subway,27.2440759,-80.8479315
163386,Subway,26.169615699999998,-81.79396539999999
163715,Dunkin,28.3700813,-81.4053826
163756,Krispy Krunchy Chicken,27.0018571,-82.017851
163900,CLOSED Hungry Howie's,26.5115414,-80.08966389999999
163993,Subway,26.1366958,-80.1815486
164292,Subway,29.0104607,-81.0696766
164481,Starbucks,25.690544,-80.314964
164656,Subway,28.8088539,-81.5336066
164678,Mediterraneum Street Food,25.7500163,-80.2418323
164900,Subway,26.9335712,-80.1351767
165027,Pizza Hut Express,30.619472299999998,-81.6518972
165324,Chick-fil-A,28.2668778,-82.1873507
165418,Arthur's An American Bistro,29.1488007,-82.18348739999999
165833,Subway,26.6991755,-81.76077339999999
165859,Einstein Bros. Bagels,28.0301306,-81.9179961
165877,First Watch,28.139198,-82.3581
166040,Pizza Hut Express,28.028283899999998,-82.5488287
166132,Domino's Pizza,28.5505084,-81.6166915
166238,Higher Ground Cafe,26.4956803,-80.0893693
168384,Subway,25.984898599999998,-80.2998444
168474,Dave Jamaican Bakery & Restaurant,25.941816199999998,-80.2135672
168629,Taco Bell,28.7471,-81.87729999999999
169038,Subway,28.1553799,-82.3566536
169062,Jimmy John's,28.598186199999997,-81.2191528
169347,Dairy Queen Grill & Chill,27.4865797,-82.4563915
170694,Icebox Cafe,25.795544,-80.27855799999999
170744,Dunkin,26.8411331,-80.07933419999999
170826,Subway,26.0306139,-80.4081504
171119,Wendy's,28.6961189,-81.261172
171471,City Tropics Bistro,28.0901806,-80.57063889999999
171569,Subway,25.796242499999998,-80.3198609
171773,Subway,30.73423,-86.349324
171858,Pappas Ranch,28.1916878,-82.6268051
172375,Mexico Bravo Now MEX Mexican Grill,25.932381,-80.1222452
172422,L & L Hawaiian Grill,30.22028,-81.5839853
172678,Italian Express Pizzeria,28.696652999999998,-81.377662
172789,Perkins Restaurant & Bakery,28.928001499999997,-82.0318463
173105,Marco's Pizza,29.012093,-81.30151
173124,Blimpie America's Sub Shop,28.105299,-81.972595
173142,French Quarter Seafood Bar & Grill,25.9857998,-80.14749139999999
173310,Domino's Pizza,28.552912799999998,-81.36836269999999
173326,McDonald's,28.5316312,-82.5060309
173853,Wingstop,28.551791899999998,-81.5817048
174057,Panda Wok,26.163905,-80.224515
174581,Subway,26.782892399999998,-80.1079705
174698,Subway,25.947842599999998,-80.1482935
175409,Jimmy John's,26.6057679,-81.81187969999999
175614,Subway,27.374717399999998,-80.3658227
175760,Sbarro,26.527988999999998,-81.75528299999999
175784,Subway,26.603005699999997,-81.87026399999999
175881,Wendy's,28.924919799999998,-82.0379353
175967,Dunkin,30.469746999999998,-83.410651
175992,Planet Smoothie,28.185373199999997,-82.3506795
176020,Tossed,26.136859299999998,-80.1133777
176104,Smoothie King,25.66446,-80.32385
176168,Papa John's Pizza Live Oak,30.325099599999998,-82.96438289999999
176421,Carvel,25.7129735,-80.4321164
176571,Tropical Smoothie Cafe,28.8264617,-81.6433639
176638,Dunkin,26.2401298,-80.2447308
176773,Subway,25.94945,-80.15311299999999
176838,Pizza Hut Express,30.3951735,-85.6901729
176851,Panda Express,25.7913209,-80.38703799999999
176923,Wingstop,28.3351814,-81.5902792
177121,Golden Krust Caribbean Restaurant,26.288276999999997,-80.20268
177393,Planet Smoothie,28.596280999999998,-81.28452
177888,First Watch,28.194772999999998,-82.50692
177968,Subway,27.9572385,-82.5023248
178272,Subway,30.619356399999997,-81.53380469999999
178561,Jersey Mike's Subs,25.82726,-80.37129999999999
178591,Krispy Krunchy Chicken @ Caraf Market 6151,25.830711899999997,-80.248902
178873,Wingstop,26.6060342,-81.9738082
179186,Burger King,26.0694624,-80.14331
179408,Wingstop,28.1844768,-82.43479789999999
179662,Krispy Kreme,28.0910688,-81.97452919999999
180495,Noodles and Thai,28.0695646,-82.4301266
181208,Vocelli Pizza - Temporarily Closed,25.927391099999998,-80.1390107
181295,Einstein Bros. Bagels,30.459031999999997,-86.547675
181608,Planet Smoothie,26.5298283,-80.0924617
181752,Domino's Pizza,28.3904425,-81.46733859999999
182226,Dunkin,28.5331673,-81.7332321
182926,Subway,27.0873825,-80.279049
182963,Got Tea? Tea House,27.8394399,-82.726856
183072,Dunkin',28.3237848,-81.3354531
183217,Tropical Smoothie Cafe,26.3176566,-80.1210134
183420,Burger King,25.5746878,-80.369664
183432,Planet Smoothie,25.81196,-80.35379999999999
183489,Pizza Hut Express,26.7221297,-80.08554699999999
183587,Nathan's Famous/Arthur Treacher's,27.6024136,-80.8232604
183610,Guido's Pizza Cafe,28.4918601,-82.5973949
184373,Red Lobster,26.176354999999997,-81.80024
185167,Wendy's,29.1966112,-81.05802709999999
186122,Sanford Pizza Company,28.814050299999998,-81.2657361
186733,Chili's Grill & Bar,28.064545,-82.505194
187747,Moe's,28.1870139,-82.350912
188030,Lolo's Surf Cantina,25.7706774,-80.1326435
188260,Genghis Grill,27.9248196,-82.3175059
189944,Pizza Hut,27.0162944,-82.0528289
190030,Pollo Tropical,27.9250613,-82.31720519999999
191717,Jimmy John's,30.6406027,-81.45306769999999
192262,The Black Pearl of Dunedin,28.011862999999998,-82.78944899999999
192983,Subway,26.6507643,-80.14367949999999
193172,Basilico's Italian Restaurant,26.6498089,-80.1944275
193515,Pisco Restaurant and Bar,28.016133,-82.485083
194382,Cub's Crawfish,30.3872984,-87.2770938
194844,Sonny's BBQ,30.4923245,-87.1909185
196029,Giardino Gourmet Salads,25.977151499999998,-80.3077811
196171,Dunkin',28.6141367,-81.3658892
196446,Pasquale's Pizzeria,28.0043029,-81.726046
196683,Little Caesars Pizza,29.7014912,-82.38777309999999
196829,Skidders Restaurant,27.731444399999997,-82.7441437
197994,Chuck E. Cheese,30.195500199999998,-81.7410901
199535,Jimbos Pit Bar BQ,28.0543674,-81.9401213
201018,Riggins Crabhouse,26.588811699999997,-80.06802669999999
202486,Moji African Restaurant,25.8842321,-80.2132228
202622,Sushi Maki (MIA),25.797235,-80.279755
202913,Icebox Cafe,25.794332999999998,-80.144183
203123,Amelia's 1931,25.7438482,-80.4154844
204100,Sal's Italian Ristorante,26.004323199999998,-80.3357044
204353,Dustin's Bar-B-Q,29.1170309,-81.0243869
205015,Little Caesars Pizza,28.637235999999998,-80.84594
205085,Chick-fil-A,28.972258999999998,-80.8961741
206440,Wendy's,29.0064878,-80.918292
207678,Alberto's Pizzeria Italian Restaurant Since 1956,28.9776867,-80.8985347
208300,Nick & Stella Pizza Perfecto,26.519839299999997,-81.9393051
208539,Pacific Asian Bistro,29.282892699999998,-81.0840549
208665,Clancy's Cantina,29.0385204,-80.9005057
209355,Mellow Mushroom Port Orange,29.1065835,-81.0266547
210280,Chick-fil-A,29.110296299999998,-81.0267758
212085,Flagler Avenue Pizza Company,29.038685599999997,-80.89887039999999
212465,Arby's,29.178151999999997,-81.005894
213128,Provisions & Buzz Co.,28.5675,-81.3269444
213306,Taco Bell,29.2182088,-81.0473442
214095,El Cilantrillo Restaurant,28.304153,-81.440354
215883,Wendy's,28.663391599999997,-81.37153479999999
216918,Antonio's House of Pizza,28.4947971,-81.461119
217145,Chimiking Restaurant,28.396742099999997,-81.40503819999999
218306,Taco Bell,28.5525651,-81.47350689999999
218789,Burger King,25.685576599999997,-80.4226604
219271,Subway,28.0672018,-82.7632857
219329,Chuck E. Cheese,28.008069799999998,-82.7279788
220028,Starbucks,28.0549552,-82.4005239
220665,Papa John's Pizza,26.0107933,-80.18697759999999
221485,Lefty's Wings & Grill,27.271012,-80.31913449999999
222315,Sakura Sushi Bar,25.7601184,-80.2880543
222604,Grimaldi's Pizzeria,26.849194999999998,-80.093864
223101,Johan's Joe Swedish Coffee House & Cafe,26.710171799999998,-80.053805
224440,Dunkin',26.5263274,-80.12239989999999
224709,River Island Grilling Company,28.348026899999997,-81.6237972
225315,The Rickenbacker Restaurant,25.794475499999997,-80.25991069999999
225377,Olde World Restaurant,27.043727999999998,-82.23384279999999
226367,Bonefish Grill,27.074365099999998,-82.42446729999999
227052,Starbucks,27.008799999999997,-82.14759
227257,Buffalo Wild Wings,28.805007,-81.3318192
228436,Wendy's,30.751061099999998,-85.55026
229184,Chick-fil-A,27.721473999999997,-82.739556
230515,Olivia Restaurant & Roof Top,26.0132203,-80.1427763
231809,The WingHouse of New Port Richey,28.252751699999997,-82.72826549999999
232939,Pizza Hut Express,26.013234699999998,-80.1746105
232983,Joey's New York Pizza & Italian Restaurant,28.1781416,-82.6972498
233199,Dragon Pearl,26.1226617,-80.360055
233247,Wendy's,26.0641179,-80.20742539999999
233318,Starbucks,30.179768,-82.673115
234030,Auntie Anne's,30.2581544,-81.5254624
234165,The Veranda,26.641836899999998,-81.8695372
234906,Outback Steakhouse,27.010666399999998,-82.1427891
236166,Cafe Cibo,27.851418,-82.6383924
236800,Smoothie King,27.841010999999998,-82.7948
236876,Paradise Bar & Grill,30.335148,-87.13391299999999
237513,Tropical Smoothie Cafe,27.9470846,-82.5275973
237556,Popeyes Louisiana Kitchen,28.3041888,-81.4074821
238710,McDonald's,25.7141067,-80.4159985
239246,The Fish Guy,28.2186775,-82.72273009999999
240652,Wendy's,26.1376158,-80.1265173
241346,Dunkin',25.461966999999998,-80.4747131
241572,JoTo Thai-Sushi Clearwater,28.0126298,-82.7317297
241667,Los Gauchitos,25.779343899999997,-80.2663895
241969,McDonald's,28.4810433,-82.4789248
242714,Arby's,26.2104429,-81.7688647
243231,Guthrie's,30.449469099999998,-84.3125307
243834,MOD Pizza,28.1907745,-82.3955462
244777,Papa John's Pizza,25.8907065,-80.34631639999999
244872,China King,28.261092299999998,-81.5898809
244971,Subway,28.1013569,-82.6925607
245188,Chipotle Mexican Grill,28.6469345,-81.2700902
245604,Marco's Pizza,28.090918,-82.69771
245895,Steak 'n Shake,29.869016,-81.3219641
246957,Castello's Pizza | Pizza Delivery Windermere,28.494511,-81.5071815
247040,McDonald's,28.552057299999998,-81.5444698
247854,Latin Creations,30.283062299999997,-81.5261417
248451,Starbucks,30.320891999999997,-81.45839
249078,Old Florida Fish House,30.3137677,-86.09197259999999
249398,Safron Grill,25.781429799999998,-80.13247489999999
249881,Iron Sushi,25.779103499999998,-80.1333976
250778,Subway,25.925676799999998,-80.2451545
250883,Little Caesars Pizza,25.619363999999997,-80.34599
251069,Roxy's Pub,26.7135726,-80.0523297
251777,Domino's Pizza,26.753404999999997,-80.0797491
251933,The Winghouse of Wesley Chapel,28.236912399999998,-82.368786
252890,Sr. Tequila Mexican Grill,28.3550111,-81.6776278
253546,Chipotle Mexican Grill,28.225200599999997,-81.643959
253904,Wendy's,28.304588799999998,-81.6660155
254131,Hooters,28.342914399999998,-81.4168199
254911,McDonald's,28.3718246,-81.36628639999999
256063,Taco Bell,27.9380502,-82.30392429999999
256695,Dunkin',27.9135726,-82.3476487
257126,Little Caesars Pizza,27.941315,-82.371735
257378,Tropical Smoothie Cafe,30.247154199999997,-81.53747609999999
257418,Little Caesars Pizza,30.690953999999998,-81.91694
257592,Marina Cafe,30.3925077,-86.50091379999999
257927,Domino's Pizza,29.6468872,-82.606335
257945,Texas Roadhouse,30.620752,-87.04599999999999
259831,Al's Coffee Shop,25.753730299999997,-80.2583971
260252,The Lure,27.771331699999998,-82.6428909
261561,Señor Taco Mexican Restaurant,27.8394595,-82.7246727
262187,Nature's Table DTSP [SPC Downtown Campus],27.7730815,-82.63675289999999
262356,Eastern Pearl Restaurant,28.3353576,-81.4780586
262976,Red Robin Gourmet Burgers and Brews,28.0166246,-82.7349249
264176,Carmelita's Mexican Restaurant,27.8949569,-82.74426559999999
264963,Kazu's Sushi,28.2499748,-82.7201444
265566,Einstein Bros. Bagels,27.9608316,-82.75807569999999
265837,Carvel,25.867365099999997,-80.2749256
265932,Pizza Hut Express,25.7713459,-80.360061
266029,Chili's Grill & Bar,29.0615158,-81.3050308
267088,Cold Stone Creamery,26.64999,-80.20792
267298,Panda Express,28.601772099999998,-81.20101
267452,Casa Linda,26.5350863,-80.0920022
268441,McDonald's,26.0274088,-80.2088504
269033,Tropical Oasis,25.966499499999998,-80.20536659999999
269348,Pizza Hut Express,28.0554337,-81.7781127
269367,Panera Bread,28.263178699999997,-82.1872697
270203,Palace Pizza,27.8963239,-81.8430868
270833,China Garden,28.0236934,-81.92684849999999
271152,Christopher's Kitchen,26.8391667,-80.1097222
271630,Pizza Hut Express,27.4628356,-82.5983835
271665,Spritz City Bistro,27.1998961,-80.2544266
272061,Subway,27.943565099999997,-81.9741112
272216,McDonald's,28.026319899999997,-81.97451339999999
273269,Golden Corral Buffet & Grill,27.9822782,-81.95622379999999
274902,Steak 'n Shake,27.993133099999998,-81.95591569999999
276518,Floridino's Italian Kitchen,28.040647999999997,-81.734561
277934,Waffle House,28.096549699999997,-81.952139
278803,McDonald's,28.011521,-81.9574908
280068,Outback Steakhouse,27.9709471,-81.9634964
281108,Checkers,28.0102805,-81.9573844
282032,Winners Circle Sportsbar & Grill,27.9887332,-81.9573135
282857,Beef 'O' Brady's,27.9365976,-82.2423771
285368,McDonald's,30.687871899999998,-86.1232477
286838,McDonald's,30.270813999999998,-81.7363776
288259,Krispy Kreme,30.3134305,-81.7310045
290840,Five Guys,27.392484999999997,-82.45245159999999
291259,Tijuana Flats,28.0419739,-82.5035284
292662,Perkins Restaurant & Bakery,28.700833199999998,-81.2960962
293258,Pizza Hut,25.749874799999997,-80.24910349999999
293860,Casa Dora Italian Cusine & Pizzeria,30.326566699999997,-81.6562944
297095,Krispy Kreme,28.5878721,-81.36540389999999
299133,Chick-fil-A,28.070497099999997,-82.7394202
301205,Ava,27.9362185,-82.4828517
303343,Chick-fil-A,28.0432737,-82.67907989999999
304984,Olive Garden Italian Restaurant,28.092989799999998,-81.97312649999999
306986,IHOP,28.0867704,-81.9712304
308690,Hooters,28.0857723,-81.97212809999999
310117,Krystal,28.055352,-81.94998799999999
311309,Mojo's Wings Burgers Beer,28.0496597,-81.9268951
312256,Wings Plus Fort Lauderdale,26.181720199999997,-80.1475463
313368,China City,26.021929699999998,-80.2982512
313786,Bellini Italian Bistro,26.0841556,-80.36961939999999
314493,Taco Bell,25.890111899999997,-80.18569889999999
315120,Umberto's,26.2316501,-80.09555309999999
315386,Piccolo Pizza & More,25.8890799,-80.1565047
315499,CJ's on the Bay,25.953279799999997,-81.729525
316148,Pieology Pizzeria Pembroke Pines,26.0057717,-80.3337883
316570,Bandeja Paisa Latin Restaurant,28.3808899,-81.42397799999999
317105,Denny's,26.007793,-80.2079643
319090,Chifa Du Kang,25.7332629,-80.35556609999999
319703,Epik Burger,30.317466,-81.473148
320546,Jenkins Quality Barbecue,30.3705711,-81.72369810000001
321028,Polo Norte Palm Springs North,25.9432361,-80.3404036
321721,Denny's,25.942717899999998,-80.3089482
323107,Subway,25.964273799999997,-80.1720745
323149,Taco Bell,30.2211923,-81.5848654
323908,Dunkin',30.1868256,-81.72652719999999
324156,Subway,30.3572591,-81.65409869999999
324376,McDonald's,30.3700735,-81.72328519999999
325638,Rice & Noodles,30.3267541,-81.5512415
325784,Dick's Wings and Grill Argyle,30.1950339,-81.7412102
326749,Dunkin',30.2875382,-81.51673559999999
327247,Church's Chicken,30.3749479,-81.7147576
328062,Popeyes Louisiana Kitchen,30.387662499999998,-81.7332162
328672,Popeyes Louisiana Kitchen,30.4294509,-81.66852469999999
329399,Hungry Howie's Pizza,30.272026,-81.609498
329678,KFC,30.3785562,-81.69834709999999
330103,North Beach Fish Camp,30.3244452,-81.3962806
331113,Pollo Tropical,30.317714,-81.555757
332011,McDonald's,25.684769199999998,-80.44663129999999
332990,Hardee's,30.189722099999997,-82.64016079999999
333479,Dairy Queen Grill & Chill,30.179691799999997,-82.68129479999999
334094,Captain D's,30.178758,-82.671578
334482,Pollo Tropical,25.8676018,-80.2663415
335816,Tropical Smoothie Cafe,26.317002199999997,-80.2005914
335847,Embers Wood Grill,29.6211874,-82.3720499
336465,Miller's Ale House,26.008315999999997,-80.305554
337777,Country Foodly,29.7027778,-82.3661111
338139,Pizza Hut,26.6088366,-81.9735781
338216,Rancho Nando,26.0062103,-80.2972946
339148,Taco Bell,25.7497547,-80.2461076
339928,Taco Bell,26.0982277,-80.1363561
341348,Galuppi's,26.245798699999998,-80.1032376
342662,Stevie Tomato's Sports Page,26.642158,-81.99576909999999
343301,Woody's Local Neighborhood Rum & Grille,26.608349999999998,-82.02367679999999
343839,Starbucks,26.670042,-81.937462
344246,Rita's Italian Ice & Frozen Custard,26.5932535,-81.8722933
344714,Rincon Cubano Of Cape Coral,26.6332693,-81.95335089999999
345185,Starbucks,26.59752,-81.86323399999999
345877,Starbucks,26.601253999999997,-81.869484
346116,China Tokyo Express,26.5615454,-81.9508992
346261,Chima Steakhouse,26.119682299999997,-80.1135559
347692,Boteco,25.8479353,-80.1777238
348408,Chipotle Mexican Grill,30.2871128,-81.4603684
349232,Caffe Andiamo,30.204636999999998,-81.382572
349681,Burger King,25.8884334,-80.16360999999999
350440,Bojangles,30.265262099999998,-81.55878779999999
351244,Dunkin',25.939178899999998,-80.2797726
351494,Chili's Grill & Bar,26.1088952,-80.2512015
353191,Miller's Ale House,30.481849099999998,-87.2215093
354917,Buckingham Farms,26.6757492,-81.74578319999999
356049,Zaxby's Chicken Fingers & Buffalo Wings,28.523751999999998,-82.23276
356307,Starbucks,26.305808,-80.278075
356599,La Crema Tapas & Chocolate,30.279223499999997,-86.0169425
356776,Moe's Southwest Grill,28.4042963,-81.4569983
360279,Jerk City Jamaican Restaurant,27.319242499999998,-80.317695
360651,Starbucks,27.274017999999998,-80.34787999999999
361567,Tiffany's,28.0899243,-82.74016089999999
362522,Serafina,25.9584135,-80.1424943
363460,Subway,29.0586317,-82.0276796
363503,Pizza Hut,29.0176812,-82.1807358
363673,El Palacio Buffet,28.4583725,-81.3982113
366881,Cowpoke's Watering Hole,27.437251999999997,-81.419313
368250,Subway,27.586969,-81.51597029999999
368423,CLOSED Hungry Howie's,30.411336799999997,-86.6545257
368459,Tropical Smoothie Cafe,30.454611399999997,-86.6334534
368515,Wingstop,30.190953099999998,-81.6273831
368723,Currents Restaurant,28.146034,-82.754471
368986,Little Caesars Pizza,25.754666999999998,-80.367676
369244,Moe's Southwest Grill,30.268041999999998,-81.389669
369425,Donatos Pizza,27.269986799999998,-82.5123443
369447,BJ's Restaurant & Brewhouse,28.0792988,-80.6497212
370519,The Blind Tiger Cafe - Ybor City - Coffee Shop,27.960169999999998,-82.4378936
371143,Annata Wine Bar,27.7755612,-82.6322857
371866,CLOSED Hungry Howie's,28.551917999999997,-81.58171399999999
371920,Poppy's Pizza,26.178618999999998,-80.252247
372472,Dunkin',26.1808029,-80.2523702
372764,Imperial Dynasty Chinese and Japanese Cuisine,28.689954099999998,-81.3908312
373457,McDonald's,28.872920599999997,-81.2801868
375058,TooJay's Deli • Bakery • Restaurant,28.551157399999997,-81.3498297
375976,Wendy's,28.0577208,-81.8164166
376966,Wagon Wheel Pizza of Melbourne,28.14841,-80.6728942
377239,Subway,26.0462761,-80.2361677
377444,Subway,28.874891599999998,-82.09411999999999
377488,New Wok,30.2997938,-81.4059595
377568,Café Waterside,27.9413295,-82.4532656
378049,The Seed,26.350844,-80.0892075
378306,Souvlaki Fresh,26.3519859,-80.0850043
378522,Einstein Bros. Bagels,28.5200297,-81.3761562
379118,Wendy's,28.5511244,-81.5337973
379845,Subway,26.274267899999998,-80.13681969999999
380360,Nathan's Famous Cape Coral,26.6176872,-81.940567
380880,Burger King,28.0540146,-82.4506591
381545,Jersey Mike's Subs,27.836503999999998,-82.68339499999999
381822,Fortune Cookie Chinese Restaurant,26.665922199999997,-81.8324051
381975,Waffle House,30.2203028,-81.5815348
382839,Crate Miami,25.7755914,-80.1783225
383097,Panda Express,30.481573599999997,-87.2142191
383734,Subway,30.0626188,-81.878519
383789,Sports Grill Sunset,25.701710799999997,-80.35639599999999
384431,Chicken Kitchen,25.9003831,-80.1599755
384596,Subway,25.8483904,-80.15275489999999
384746,McDonald's,28.004437,-81.781911
386319,Shake Shack,28.486741,-81.428595
386952,Dunkin',28.0583775,-81.7889182
387417,Tapatio's Restaurante Mexicano,28.0553496,-81.94946929999999
389209,Pizza Hut,28.4566731,-81.47119289999999
389918,Subway,30.179153,-81.55599749999999
390097,Krystal,30.322546,-81.5383507
390846,Bono's Pit Bar-B-Q,30.374941,-81.66573799999999
391488,Wingstop,30.320891399999997,-81.5539507
391627,Beach Road Fish House & Chicken Dinners,30.307117599999998,-81.6214273
393233,Hunt's Oyster Bar & Seafood Restaurant,30.169774699999998,-85.7013071
395170,Peacock Garden,25.7272593,-80.24053579999999
396393,Sonic Drive-In,28.184507999999997,-82.3528915
396758,Domino's Pizza,28.231527099999997,-82.179983
397111,Valenti's Ristorante,27.1002986,-82.4243297
397372,El Tropico Cuban Cuisine,25.933375299999998,-80.1223323
398021,Taco Bell,27.959420299999998,-81.6239867
398558,Voyager's Smokehouse,28.4109242,-81.4609791
399762,Taco Bell,28.568820199999998,-81.2816083
400747,Captain Bill's Oyster Bar,27.7693111,-82.7675024
401273,Lotus Vegan Restaurant,27.839432499999997,-82.72783989999999
401739,Digby Mini Market,27.9821475,-82.5647418
401765,Tropical Smoothie Cafe,28.546015299999997,-81.727181
401824,Dunkin',28.015435,-82.24507799999999
401930,Starbucks,28.043520899999997,-82.5820201
402290,Bella's Italian Café,27.928379399999997,-82.4835142
405165,Fuzzy's Taco Shop,27.389824299999997,-82.5194489
406252,Eleni's Pizza Works,27.4217583,-82.54618049999999
406900,Smoothie King,27.87078,-82.76041
407029,Fuddruckers,25.683802,-80.444188
408562,China Garden Restaurant,25.629409799999998,-80.38918629999999
408623,McDonald's,25.625872599999997,-80.41548399999999
409488,Chuck E. Cheese,25.687652999999997,-80.3923317
410607,Subway,28.987053399999997,-82.35225899999999
410827,Wingstop,30.3092044,-81.7420439
410842,Chipotle Mexican Grill,26.2528656,-80.2523192
411579,Dairy Queen Grill & Chill,26.2006521,-80.1090493
412221,Miami Subs Grill,26.2320042,-80.12735529999999
412867,Miami Grill,26.236978399999998,-80.2053194
413310,Burger King,26.0998259,-80.1370816
414092,Downtown House of Pizza,26.643916299999997,-81.86963539999999
416572,Keg & Cow,26.607695099999997,-82.0254738
417093,Jet's Pizza,26.428862499999997,-81.7879303
417191,Starbucks,28.594632999999998,-81.35057599999999
417517,IHOP,30.314576,-81.5616565
419434,LongHorn Steakhouse,30.255381999999997,-81.3933031
419996,Outback Steakhouse,30.2172812,-81.515717
420856,Little Caesars Pizza,26.753149999999998,-80.94489999999999
420927,Auntie Anne's,27.0088936,-82.1472041
420983,McDonald's,28.155953399999998,-81.80230499999999
422394,Firebirds Wood Fired Grill,26.006146599999997,-80.33377039999999
423392,Hard Rock Cafe,25.7775106,-80.184461
425537,Jimmy John's,28.648134799999998,-81.26605769999999
425722,Rubio's Coastal Grill,25.912744999999997,-80.15581499999999
425852,Subway,25.697929199999997,-80.1635123
426009,Confucio Express Brickell,25.7605905,-80.20114769999999
427253,McDonald's,25.760450199999998,-80.4320736
427650,Nusr-Et Steakhouse Miami,25.7639747,-80.1909204
431091,Subway,26.2414845,-80.2443067
431158,IHOP,28.46275,-81.4629368
432914,Subway,27.9405383,-82.26500949999999
433118,Oma’s Pizza & Restaurant,27.466848,-82.69890699999999
434491,Cold Stone Creamery,25.686397099999997,-80.3105662
435145,Newk's Eatery,27.9600016,-82.72872079999999
435707,Wingstop,25.6265435,-80.4167387
435884,Culver's,27.786161999999997,-82.67884769999999
437143,Carvel,26.366256399999997,-80.18853089999999
437222,Domino's Pizza,29.7146692,-81.50788589999999
437265,Mancora Ceviche Bar Fort Lauderdale,26.1197223,-80.1052093
437299,Bahama Breeze,28.8018874,-81.3317762
439240,Donuts To Go,28.812412499999997,-81.2829271
440148,Flyers Wings & Grill,28.552802,-81.45789599999999
441307,La Lechonera,27.9978174,-82.4842039
442766,Popeyes Louisiana Kitchen,27.9567122,-82.4846196
443594,LaLa’s Gyros,27.944564099999997,-82.4873638
443670,Starbucks,26.884055999999998,-80.107192
443853,Taco Bell,27.839955999999997,-82.7888194
444684,Burger King,27.838748499999998,-82.72754979999999
445637,El Pollo Inka Miami,25.8102631,-80.3156242
446150,Pollo Tropical,26.6507573,-80.14583619999999
446960,Smokey Bones,26.110656,-80.25120369999999
448336,Dunkin',27.2696486,-82.4577934
448688,Popeyes Louisiana Kitchen,28.8117369,-81.3442525
449310,Harvey's 4th Street Grill,27.8004957,-82.63770009999999
450188,Foxy's Cafe,27.770122999999998,-82.767911
451145,Beach Bistro,27.5121123,-82.7222012
451365,La Cruzada Restaurant,25.473408,-80.47544099999999
452155,Saffron Indian Cuisine,25.6523976,-80.3291492
452470,Dunkin',25.738904299999998,-80.23941839999999
453114,Waffle House,28.552520899999998,-80.84835249999999
453883,Oh Biscuit,28.1291403,-80.6324155
454786,Burger King,28.218801,-80.6031666
454903,F.M. Don's,26.9350219,-82.05113159999999
455415,The Honey Baked Ham Company,26.9924295,-82.114646
455476,McDonald's,28.5780195,-81.474627
456305,China Wok Restaurant,28.533023699999998,-81.5400143
456335,The Licking Sunrise,26.1564581,-80.2566002
457049,Taco Bell,26.5716741,-80.0670945
458325,Smoothie King,28.12764,-82.36974
458380,Olive Garden Italian Restaurant,28.333683399999998,-81.4846744
460799,Chuck E. Cheese,26.2691625,-81.79961879999999
461104,Naples Costa Verde Peruvian Restaurant,26.1813108,-81.70721999999999
461262,Wendy's,25.7472335,-80.3402989
461718,Arby's,30.180656,-82.686377
462768,Burger King,30.179808599999998,-82.6853733
463512,McDonald's,30.180865899999997,-82.6836634
465148,McDonald's,28.7574959,-81.2861205
466538,McDonald's,30.183726999999998,-82.63888399999999
467603,Domino's Pizza,30.0612908,-81.5143997
467671,Burger King,25.663051199999998,-80.4165584
468254,McDonald's,26.7072176,-80.1528919
471448,Café de France,28.5937864,-81.3505127
471523,IHOP,28.304650199999998,-81.4221231
473271,Gator's Dockside Lake Mary,28.7547952,-81.3519298
474129,McDonald's,28.921222999999998,-81.29818
475834,KFC,28.8178706,-81.8871765
476334,Dunkin',29.827038499999997,-81.27176419999999
476499,McDonald's,28.756708999999997,-81.35112
477757,McDonald's,27.977903899999998,-81.9592601
478747,Church's Chicken,28.0090646,-82.1221681
479253,Fresco Cucina Italiana,28.4527778,-81.4761111
479870,Subway,28.050548799999998,-82.78157709999999
479905,Miller's Ale House,26.0948536,-80.250316
480981,McDonald's,25.8498499,-80.1851329
482354,Wendy's,25.8475385,-80.18436729999999
484717,Bar Louie - I-Drive,28.4414885,-81.4712018
485367,CJ's Crab Shack,25.7758236,-80.1318646
485972,Fishtales On 33rd,26.1693459,-80.10080459999999
486381,Subway,27.9514973,-81.92438709999999
486423,The Daily Creative Food Co.,25.795695799999997,-80.1886835
487403,BJ's Restaurant & Brewhouse,25.7865087,-80.3682455
488242,Los Verdes Doral,25.812828999999997,-80.368866
488827,Ali's Sweet Treats,25.7023655,-80.3828941
488875,Mio’s Grill & Cafe,27.7724168,-82.635294
489121,Copper Shaker,27.772313699999998,-82.6349515
489530,China Wok,28.188051899999998,-82.6689006
489626,Pizza Hut,26.648571099999998,-80.1461633
489745,The Old Salty Dog Siesta Key,27.278985199999997,-82.56408479999999
490506,Al Basha Grill,25.788269399999997,-80.1315917
490875,Little Saigon,25.9285675,-80.2007471
491121,McDonald's,30.1727028,-81.6041762
492121,Chick-fil-A,26.5450312,-81.87230989999999
495284,Tropical Smoothie Cafe,26.5062224,-81.9085865
496322,La Nopalera Mexican Restaurant,30.219596,-81.5865464
497341,Chick-fil-A,26.6462842,-80.2078502
497960,Ace Cafe Orlando,28.5469777,-81.38106379999999
500517,Ruby Tuesday,28.4276335,-81.3144872
501213,La Carreta,26.0125195,-80.2474451
504821,Ruth's Chris Steak House,30.2009929,-81.38087449999999
505467,Sonic Drive-In,30.3301895,-81.5481609
506710,Mediterranean Blue,28.5133026,-81.37035
507153,Leguminati,28.524403,-81.351233
507407,Bonefish Grill,28.9279042,-82.01743379999999
508262,Texas Roadhouse,27.79855,-82.33391999999999
510722,McDonald's,28.4693503,-81.45105149999999
512686,Wendy's,27.263866999999998,-80.4164385
513704,Brooklyn Water Bagel,27.6887501,-80.40961709999999
514282,Salon Canton Restaurant,25.7964551,-80.3520861
515095,Tijuana Flats,26.0333333,-80.1766667
515745,The Crazy Cucumber 352 Eatery and Bar,29.141785,-82.191583
516242,Millie's Restaurant & Catering,29.158895899999997,-80.9739489
516652,Buffalo Wild Wings,26.613757999999997,-81.80138389999999
518100,Nilsa's Puerto Rican Bistro,28.031923,-82.41660399999999
518583,Les Halles Boulangerie-Patisserie,28.3686087,-81.55298549999999
518736,Our Place Dunedin,28.0191047,-82.76009169999999
520295,Subway,26.4149297,-81.9003247
520351,McDonald's,26.6678088,-81.8269153
521282,Mario's Ristorante,27.8010122,-82.8003837
524369,Twistee Treat Pinellas Park,27.8552726,-82.6938107
525403,McDonald's,28.0341152,-82.0554813
527050,Ruby Tuesday,27.989884999999997,-81.689139
528067,Five Guys,28.005094,-81.720972
528866,Ida Claire,30.256401,-81.5286679
529654,Little Caesars Pizza,27.568541999999997,-81.81551
529705,Krispy Kreme,28.332032299999998,-81.4963667
531362,Popeyes Louisiana Kitchen,28.342940199999997,-81.3633923
531725,Perkins Restaurant & Bakery,28.333123699999998,-81.58466849999999
532579,Burger King,27.9975933,-82.5821986
533414,Tyrone Restaurant,27.806721,-82.74624949999999
534037,Denny's,26.5212593,-81.8878654
534885,Cafe Paisano,28.6974514,-81.3479249
535488,Pollo Tropical,28.3475723,-81.6070099
536736,Domino's Pizza,28.1958715,-80.67137489999999
536751,Bru’s Room Wings N Things,26.1931425,-80.272543
537343,Fuego by Mana,25.9314762,-80.132497
537756,Pita Hut,25.946454,-80.148833
538082,Pollo Tropical,25.4991381,-80.4138301
539048,Sunnyside Grill,30.2547869,-85.95774209999999
539314,IHOP,27.961174099999997,-81.6233985
540663,Wendy's,28.0542852,-81.98511309999999
541623,Beef 'O' Brady's,27.9011233,-81.6007869
542195,Giovanni's New York Pizza,27.979778,-81.66377
542643,Applebee's Grill + Bar,26.7060815,-80.11174729999999
543908,Casa Tua Cucina,25.7671784,-80.1943223
546483,Taco Bell,30.5324004,-87.2620158
547291,James Joyce Irish Pub & Eatery,27.961150099999998,-82.4393564
548537,Fine Folk Pizza,26.5485474,-81.7669035
549247,Taps Restaurant Bar & Lounge,27.9500125,-82.4606692
549672,McDonald's,25.796186,-80.336434
551283,Denny's,28.4453104,-81.4267346
552173,Applebee's Grill + Bar,28.0538703,-82.39163169999999
554376,Starbucks,27.8391669,-82.78751609999999
554956,McDonald's,27.923797999999998,-82.323313
556621,Steak 'n Shake,29.6360811,-82.3398689
558243,Ole Times Country Buffet,30.1807114,-82.67209629999999
559551,Popeyes Louisiana Kitchen,29.6650703,-82.3248672
560737,Waffle House,29.7017255,-82.3424975
561434,Taco Bell,29.6522695,-82.3337224
561852,Golden Corral Buffet & Grill,28.8219547,-81.6943893
563494,Texas Roadhouse,29.158614999999998,-82.175995
565405,C Level Grill,30.1856749,-85.7746974
565843,Chuy's,29.6274266,-82.3737934
567292,Golden Corral Buffet & Grill,27.8939253,-82.7781534
569835,The Melting Pot,30.2354852,-81.51703909999999
570473,LongHorn Steakhouse,27.915790599999998,-82.7312405
572942,Pita Pit,30.293073,-81.393001
573367,Dunkin',30.2193366,-81.55435419999999
573678,Checkers,27.9168801,-82.7547151
574356,Subway,27.871622,-82.74488989999999
574407,Wendy's,26.0071506,-80.3177525
575031,Domino's Pizza,28.4535453,-82.6295957
575099,O'Leary's Tiki Bar & Grill,27.331523599999997,-82.54401299999999
576771,Pepo's Cuban Cafe,27.863117199999998,-82.63843539999999
577543,McDonald's,25.8597763,-80.2101637
578746,Domino's Pizza,26.140141699999997,-80.23190029999999
578902,Manna Korean BBQ Restaurant,26.1870667,-80.2511778
579059,Golden Krust Caribbean Restaurant,26.136599999999998,-80.23093
579366,Burger King,28.3305042,-80.7319808
580003,Panera Bread,27.9588269,-82.7265087
580536,Mr. Tequila Authentic Mexican Restaurant,27.4611079,-82.5667692
581528,Hungry Howie's Pizza,30.1417336,-85.591697
581767,McDonald's,28.423785499999997,-81.4613088
584092,Culver's,27.389653199999998,-82.5180341
585110,McDonald's,28.6191379,-81.26055099999999
585770,Tijuana Flats,28.645304,-81.323056
586526,Metro Diner,28.654819999999997,-81.22316000000001
586945,BurgerFi,28.339532799999997,-81.4091492
588016,Golden Corral Buffet & Grill,27.993248899999998,-81.6880405
590796,KFC,28.121657799999998,-81.64025459999999
591435,Johnny Rockets,28.484921999999997,-81.4319
592014,Mellow Mushroom St. Augustine,29.8910636,-81.2964725
593460,Olive Garden Italian Restaurant,27.894033999999998,-82.785799
595477,McDonald's,27.894731999999998,-82.74723399999999
596691,El Mariachi Restaurant - Mexican & Cuban Cuisine,26.257522599999998,-80.2496546
597249,Arby's,28.144212,-82.741174
597687,Popeyes Louisiana Kitchen,28.4505426,-81.3599342
598334,Chili's Grill & Bar,26.460024299999997,-80.1221474
598757,Mel's Diner - Fort Myers,26.5904831,-81.8724165
600860,Monty's Restaurant & Pizzeria,26.9153709,-82.0470581
601234,Hungry Howie's Pizza,29.613018999999998,-82.821944
601314,Cicis,28.3392384,-81.5947912
602555,The Lodge,26.6445629,-81.8689905
603772,Waffle House,28.2202335,-81.6426856
604651,Lupton’s and RJ,28.053359999999998,-82.3999858
605383,Ship 2 Shore Seafood & Steaks,30.431399199999998,-81.6696382
606747,Hibachi Grill & Supreme Buffet,29.1980343,-81.05691759999999
609711,Off The Hook at Inlet Harbor,29.0908002,-80.9399731
610921,Stonewood Grill & Tavern,29.289105,-81.0390212
611844,McDonald's,29.8161,-85.30555199999999
612462,Smokey Bones,27.9601367,-82.726761
616636,Arby's,28.823687999999997,-81.691321
617666,Largo Family Restaurant,27.923231899999998,-82.787387
618435,Maxine's Bistro and Bar,25.7934272,-80.1299013
618936,Joe's Stone Crab Restaurant,25.7691596,-80.1351506
621696,La Bamba Mexican Spanish Restaurant II,26.2733581,-80.1980304
622993,Bonefish Grill,26.2058856,-80.1074129
623894,Burger Craze,26.3162679,-80.0759051
624067,Brooklyn Water Bagel,26.1551288,-80.1183909
624327,Marco's Pizza,27.434023,-82.430984
624359,Denny's,28.4608447,-81.3091814
626809,Cheddar's Scratch Kitchen,28.0026789,-81.9575303
629050,Dunkin',27.938376299999998,-82.2494206
629439,Kobe Japanese Steakhouse,27.939410199999998,-82.3217459
631147,Chipotle Mexican Grill,25.6995248,-80.2950115
632190,Denny's,25.8805297,-80.3567369
632947,Papa John's Pizza,25.787219399999998,-80.14008
633099,BurgerFi,27.936428499999998,-82.4829012
634025,Pisco Y Nazca Ceviche Gastrobar,25.6892341,-80.38604219999999
634987,KFC,25.445932799999998,-80.4756491
635584,Subway,30.386066699999997,-81.4118864
635650,Five Sisters Blues Cafe,30.4163993,-87.222786
637124,Tropical Smoothie Cafe,29.257809599999998,-81.1087498
637139,Osaka Sushi & Thai Restaurant,27.8435252,-82.8295425
637646,Courigan's Irish Pub,27.770467699999998,-82.6336135
638060,Maple Street Biscuit Company- UTC,27.390838499999997,-82.45430329999999
638388,Steak 'n Shake,30.179136699999997,-82.6863151
639959,New Village,25.6717595,-80.43073849999999
640015,The Habit Burger Grill,26.669811199999998,-80.20186609999999
640639,Wendy's,30.3059336,-81.84742
641390,Burger King,30.336183,-81.7588232
641915,Del Taco,28.462709399999998,-81.45595589999999
644184,Applebee's Grill + Bar,30.1587492,-85.59033079999999
644838,Hardee's,28.894766399999998,-82.5852227
645307,Gianni's NY Pizza,27.782192199999997,-82.7138544
645822,Big Pink,25.770822799999998,-80.1336549
648227,Brimstone Woodfire Grill,25.8070621,-80.3310776
648698,"Casa Tina ""Fresh, Healthy, Authentic Mexican""",28.011587199999997,-82.7882815
650809,Red Mesa Restaurant,27.8168237,-82.63897279999999
653026,Chopstick Express,27.808232999999998,-82.63892249999999
653520,4th Street Pizza,27.801446799999997,-82.6377969
653846,KFC,28.1974628,-81.2941535
653977,Duffy's Sports Grill,26.6502494,-80.1502505
654715,Steak 'n Shake,27.9240212,-82.5064371
656280,Wendy's,27.8565725,-82.3287119
657256,Bonefish Grill,27.935983699999998,-82.5039441
658338,Jersey Mike's Subs,27.892961999999997,-82.505775
658597,Chopstix Chinese Restaurant,30.4276101,-84.21397639999999
658688,KFC,28.2923784,-81.3648583
658918,Arby's,28.93236,-81.934026
659831,Pizza Hut,28.6935376,-81.446799
659908,Subway,25.995153799999997,-80.1814529
659946,Pizza Hut,25.604412999999997,-80.41438699999999
660011,Subway,29.2617048,-81.0258891
660109,Italian Pizza and Grill,29.234499999999997,-81.012466
660415,Pizza Hut,29.2804731,-81.06736959999999
660515,McDonald's,28.4716854,-81.628395
660551,Cantina La Veinte,25.768460599999997,-80.18836449999999
661658,Denny's,25.733625,-80.33380819999999
662949,Fat Jacks Deli & Pub,28.009655,-81.956368
663893,Waffle House,29.1597659,-80.974301
664311,Mama's Cheesesteak,28.552194399999998,-81.3930306
664424,Ferraro's Italian Grille,27.542467,-82.47904849999999
665264,Goblin Market,28.799379199999997,-81.64512839999999
666192,Denny's,28.2357144,-81.65106709999999
667738,Harpoon Harry's,26.9293551,-82.0650915
670606,Friendly Tavern,27.833262899999998,-82.83311859999999
671103,The Hut Bar and Grill,27.7855243,-82.7813491
672539,Fred's Market Restaurant,28.0115722,-82.1367889
675664,Smith & Wollensky,25.76594,-80.13389649999999
677467,Paddlefish,28.371895,-81.51693399999999
678070,Aapna Parivaar,28.4708683,-81.45111589999999
678398,IHOP,25.978154399999998,-80.2966402
679716,Subway,26.3170798,-80.1841274
679756,Cicis Pizza,27.9817246,-82.71123659999999
681172,Bascom's Chop House,27.894606699999997,-82.68382489999999
682991,IHOP,27.8398701,-82.6971707
684837,Mamas Kitchen,27.825547999999998,-82.78667999999999
686134,Village Inn,27.8806372,-82.82025809999999
687241,Wendy's,27.9562667,-82.7881302
688088,Daily News Cafe & Restaurant,27.961909,-82.7454353
688297,Dunkin,25.5400088,-80.3713791
688480,Subway,26.5435373,-81.8502774
688667,Domino's Pizza,30.225899199999997,-81.3872792
688716,Palace Pizza,28.0436266,-81.9550242
690202,Mellow Mushroom Lakeland,27.998939,-81.9244916
691394,Domino's Pizza,28.111180599999997,-81.9732423
691666,Waffle House,30.1805417,-82.6808528
692073,Little Caesars Pizza,29.945180999999998,-82.115196
692819,Flanigan's Seafood Bar and Grill,27.189701,-80.2509644
694323,Marco's Pizza,27.327225,-80.32198
695278,McDonald's,26.007096299999997,-80.3143394
696366,GreenLife Organic Bistro Brickell,25.7650692,-80.1906206
696825,Jimmy John's,28.4743404,-81.3091388
696942,Subway,29.118550799999998,-82.0235838
697084,Trip's Diner,27.793733999999997,-82.646497
698953,Sweet Tomatoes,27.958676999999998,-82.50613
700127,Panera Bread,27.9444238,-82.5236724
700820,Cantina Laredo,30.252820099999997,-81.52567239999999
701529,Third Street Diner,30.2801813,-81.3898208
702036,Domino's Pizza,25.9433817,-80.1469841
702098,Havana 1957 Cuban Cuisine Espanola Way,25.7870419,-80.131975
706353,Jimmy John's,26.187648,-80.176683
706450,Ohana Cafe,28.0198076,-82.7653232
707062,Taco Bell,28.1447377,-82.74125579999999
707652,Salt Life Food Shack,30.297758299999998,-81.39404669999999
709134,Milano's Italian Restaurant Pizza and Bar,30.302201,-81.395162
709554,LongHorn Steakhouse,27.011677799999998,-82.14510709999999
711129,Perkins Restaurant & Bakery,27.0086981,-82.1356291
711984,Chili's Grill & Bar,27.2082816,-81.83170489999999
712660,Steak 'n Shake,28.3044858,-81.4557628
714902,Wong's Chinese Restaurant,26.0141217,-80.2794933
715048,Outback Steakhouse,30.187245599999997,-81.7292483
717638,V.L.C. Vegan Eatery,28.554259499999997,-81.2080486
717769,Steak 'n Shake,28.0882729,-81.97207259999999
720667,LongHorn Steakhouse,28.3336965,-81.4978733
723840,McDonald's,28.0565201,-81.81589819999999
725096,Miller's Ale House,28.3477313,-81.6120328
727698,THAT BAR AT THE ARENA,30.325229399999998,-81.6440669
727895,Cape May Cafe,28.3710591,-81.556778
728610,Pisces Rising,28.799847,-81.6463596
729803,Pizza Hut,30.586657499999998,-84.59635999999999
729936,Verdi's American Bistro,25.9427736,-81.7321314
730043,Chick-fil-A,30.351824399999998,-81.6063076
730071,Chili's Grill & Bar,29.2544008,-81.1136057
730962,Domino's Pizza,28.537111,-81.20876179999999
731356,Domino's Pizza,30.2634099,-82.12418269999999
731431,Corkscrew Bar and Grille,29.024876,-80.9236969
732517,Chart House,29.2018971,-81.0110229
733329,Yellow Dog Eats,29.0252703,-80.92239219999999
733957,Basil Thai Restaurant,30.3160685,-81.65493599999999
734040,Smoothie King,25.701362999999997,-80.36641999999999
734681,Einstein Bros. Bagels,28.0670707,-82.41974019999999
735095,Cottage Cafe,30.4146713,-87.219004
735262,Subway,26.3868328,-80.07992019999999
735366,Pizza Hut,25.6708031,-80.4303997
735451,McDonald's,25.4769732,-80.4345835
736417,Subway,25.4429582,-80.47436019999999
736495,Subway,26.117652099999997,-80.3915923
736643,Subway,26.1162578,-80.3310193
736795,Auntie Anne's,27.945549099999997,-82.5271831
736810,Auntie Anne's,28.450158199999997,-81.40076409999999
736825,Dairy Queen Grill & Chill,28.3048842,-81.4170633
737514,Arooga's,28.5946453,-81.3063598
738350,Bull & Bush,28.545797099999998,-81.3512606
738673,Finka Table & Tap,25.742620499999997,-80.43182949999999
740176,Culver's,27.3361193,-82.4508828
741140,Burger King,27.2685466,-82.4551264
741536,Starbucks,27.268853999999997,-82.482941
741987,Maggiano's Little Italy,26.363784,-80.1364906
743447,La Estancia Argentina,25.94137,-80.14910119999999
744310,McDonald's,28.452623499999998,-81.3648217
746133,Asian Chao,26.241708799999998,-80.24931699999999
746163,Chick-fil-A,28.030651,-81.91794399999999
746378,Subway,27.638151999999998,-80.5111964
746417,Golden Corral Buffet & Grill,25.4556202,-80.4740582
748924,Burger King,28.239378199999997,-82.18422369999999
749800,Subway,30.3918997,-84.2241789
749867,Taste Cafe,25.7923106,-80.1358146
750067,Subway,28.546751699999998,-81.6507055
750113,Vignetos Italian Grill,26.1019595,-80.2514582
750523,Ke-uH Restaurant,26.091909299999998,-80.3706251
750765,Jin Sushi,26.1524219,-80.2586309
750939,Dunkin,28.745844899999998,-81.8770897
751017,South Cape Diner and Breakfast Restaurant,26.563030599999998,-81.949275
751479,China Kitchen,27.210558799999998,-81.8386881
751581,Golden Wok,27.495414699999998,-82.6228106
751923,Dunkin',27.9145939,-82.8036584
751967,Tropical Smoothie Cafe,30.1035237,-81.7115039
752288,Mambos Cuban Café,30.2871761,-81.4543291
753417,Subway,25.897733799999997,-80.3498621
753509,Jax Beach Brunch Haus,30.282249999999998,-81.39082789999999
754082,El Floridita Seafood Restaurant - Kendall,25.641332499999997,-80.4129389
754884,Fleming’s Prime Steakhouse & Wine Bar,25.7484526,-80.2583633
755603,Subway,25.7946518,-80.2068494
755635,Pizzalley's Chianti Room,29.894273,-81.3122112
757163,Jimmy John's,30.3994236,-87.27696379999999
757344,Mr. Taco,30.263737,-81.597568
757712,Florida Cracker Kitchen-Brooksville,28.551898899999998,-82.3817028
759403,Cristino's Coal Oven Pizza,27.954322299999998,-82.799683
760843,Johnny's Italian Restaurant,27.9821872,-82.7166901
763188,Jet's Pizza,28.0197658,-82.76969679999999
763366,Catches Waterfront Grille,28.2702906,-82.725949
764750,CLOSED Howie's Pizza,29.906053999999997,-81.318759
764790,Cicis,27.815109,-82.7272141
765526,Subway,30.2627116,-82.1087969
765583,Starbucks,27.236480999999998,-80.268331
766460,Pizza City,26.1194843,-80.12814929999999
766540,Marco's Pizza,25.881641,-80.35212
766667,The Clevelander Bar,25.780791299999997,-80.13085819999999
767850,McDonald's,25.766572,-80.198908
768857,Zaharias Restaurant,29.8235878,-81.2715016
769359,Pho 54 & Grill,28.6501311,-81.20706609999999
769614,Pinchers,26.4859658,-81.7905883
770347,Pizza Hut Express,28.2333142,-81.6441881
770397,Little Caesars Pizza,26.180197,-81.70651
770639,Luigi's Pizza,26.1339938,-81.7758575
770960,Northwest Grille,29.688209999999998,-82.397939
771773,Jersey Mike's Subs,26.318569999999998,-80.20325
771943,Latin Cuban Cafeteria,25.895699,-80.349991
772374,Manny's Original Chophouse- Haines City,28.115624,-81.640405
774895,Panda Express,30.138437999999997,-81.54701399999999
775192,McDonald's,28.180964,-81.439539
776516,Lin Garden 2,28.143437,-81.472146
777226,Wingstop,28.0809458,-81.9648388
778256,Hooters,27.996676899999997,-82.514543
779885,Wendy's,27.9964645,-82.50134609999999
780879,Red Lobster,28.45008,-81.39348
781897,Subway,29.6729478,-82.34142829999999
782017,TGI Fridays,28.408489,-81.455331
783084,Domino's Pizza,26.754588299999998,-80.9279237
784103,Southern Charm Cafe,28.3928276,-80.60994869999999
785101,Pasta And...,26.233877699999997,-80.1937743
786270,Arby's,27.4682963,-82.5633464
787417,Wendy's,27.521645,-82.55852399999999
787992,Starbucks,27.448017999999998,-82.5758
788453,Taco Bell,27.4961618,-82.6153877
788940,Panera Bread,27.495455399999997,-82.6249792
789091,Subway,27.4631968,-82.6106849
789231,Whataburger,30.4937361,-87.2223935
790434,RiverGrille on the Tomoka,29.3043899,-81.0943052
792261,Public & General Restaurant,29.667027299999997,-82.3136711
792661,Briarpatch Restaurant,28.599518999999997,-81.350948
793936,Jetty's Waterfront Restaurant,26.9459222,-80.0832701
794761,Pizza Hut,26.083877899999997,-80.2520419
794892,Chick-fil-A,28.4499392,-81.40396989999999
796446,Izziban Sushi,28.4496456,-81.4020285
797337,Culver's,27.9609348,-82.7538879
799296,The Burg Bar & Grill,27.7708756,-82.65742159999999
800089,El Patio Restaurant,26.597763999999998,-81.872541
800783,McDonald's,28.561901799999998,-81.8589652
801835,Napolinos,28.898837999999998,-82.036372
802434,Chick-fil-A,27.9226642,-82.3210671
804828,Tijuana Flats,28.5512065,-81.5425262
804867,Dunkin,28.5517647,-81.58765939999999
804951,Auntie Anne's,26.4024602,-81.8067703
805071,Shang Hai,28.491398699999998,-81.5104214
805235,Subway,28.0062778,-81.7225091
806184,Jersey Mike's Subs,28.370178,-80.60656
806354,Subway,26.5876055,-80.06604759999999
806391,Zona Fresca,26.1015569,-80.1304643
806526,McDonald's,27.2109001,-81.8456192
807584,Fish City Grill,28.000695099999998,-81.9797724
808426,Dunkin',28.080885499999997,-81.9665586
809242,The Floridian Restaurant,29.893933399999998,-81.3137667
814238,IHOP,28.313352799999997,-81.6688681
815898,Johnny Rockets Deland at Sunshine Entertainment,29.0557686,-81.29360729999999
815956,Junior Colombian Burger - South Kirkman Road,28.4847778,-81.4581944
817035,Sonic Drive-In,28.911696499999998,-81.2779071
818142,Mojitos Calle 8,25.761917999999998,-80.326076
819663,Starbucks,25.821807,-80.281335
820149,Sergio's Restaurant,25.8586326,-80.3254312
820455,Applebee's Grill + Bar,27.8151025,-82.6390174
821825,Glory Days Grill,27.862762,-82.63933999999999
823279,MacDinton's St Pete,27.771813599999998,-82.63637949999999
824338,Chinatown,26.5137626,-80.0614338
824742,Stone Soup Cafe & Pub,27.8097878,-82.6552734
825506,Havana Jax,30.305377,-81.63759399999999
826460,Flanigan's Seafood Bar and Grill,25.897582699999997,-80.1608783
828890,1-800-Lucky,25.7993743,-80.1979641
830539,SUGARCANE raw bar grill,25.806991,-80.193243
831699,Denny's,25.953595099999998,-80.246411
832684,Chicken Kitchen,25.6199634,-80.4153548
832776,Chili's Grill & Bar,25.9604066,-80.1464039
834770,Chipotle Mexican Grill,25.867067199999997,-80.2919284
835414,Captain Jim's Seafood Market & Restaurant,25.894387,-80.1834575
835887,McDonald's,30.405931,-87.2756433
837150,Hooters,27.9609226,-82.721237
838929,Waffle House,27.990555999999998,-82.73275439999999
839777,Miller's Ale House,27.8424361,-82.7948684
841533,Seminole Subs & Gyros,27.8798174,-82.7868594
842706,Wendy's,27.8939597,-82.7598776
843581,McDonald's,28.3888933,-81.48903299999999
845069,Subway,28.7321931,-80.867075
845324,Subway,29.364401599999997,-81.9680395
845359,Subway,26.4494552,-80.14605949999999
845574,Jerry & Joe's Pizza,25.883281999999998,-80.31873999999999
845731,Texas Roadhouse,27.814524,-82.77893999999999
848819,Mellow Mushroom Orlando - International Drive,28.4105116,-81.45553079999999
850883,Jake's Coastal Cantina,27.884435399999997,-82.8495654
851626,Havana 1957 Cuban Cuisine Ocean Drive,25.7855351,-80.13001229999999
852702,Outback Steakhouse,27.789834499999998,-82.6387676
854196,Pete & Shorty's Iowa Bistro,27.960843999999998,-82.72056099999999
855556,Peg Leg Pete's,30.3281815,-87.1644457
858190,Oceans 13,26.030467599999998,-80.1147297
859645,Cedar River Seafood,30.1815319,-82.6584625
860814,TGI Fridays,26.038731,-80.162787
862145,Orale Mexican Restaurant,26.0116083,-80.1486042
862868,First Watch,26.105164,-80.25113999999999
863663,Subway,25.627894899999998,-80.3881024
863787,McAlister's Deli,29.6584616,-82.4068436
864804,Quarterdeck Restaurants,26.1195488,-80.1055908
865652,Council Oak Steaks & Seafood (in Seminole Hard Rock Tampa),27.992843999999998,-82.372114
866178,Stefano Greek Italian Restaurant,28.027953,-82.393731
866785,Pollo Tropical,28.0539131,-82.3992031
867427,Habaneros Mexican Grill,28.597280599999998,-81.2088194
867955,TGI Fridays,28.436522999999998,-81.471795
869137,Eddie V's Prime Seafood,28.4493875,-81.4836359
870300,Perkins Restaurant & Bakery,28.9373385,-81.94250459999999
871224,Subway,28.8679652,-81.2527732
871297,Marco's Pizza,26.668509,-80.20354499999999
871398,Krystal,30.3527846,-81.56125109999999
872307,McDonald's,26.5295113,-80.14804529999999
872711,Starbucks,30.317702999999998,-81.55765699999999
873415,Little Caesars Pizza,30.352525999999997,-81.57065999999999
873923,McDonald's,30.360628499999997,-81.50227749999999
874988,Naomi's Garden Restaurant & Lounge,25.8395349,-80.2079129
875485,Wendy's,25.7954753,-80.21137829999999
876727,Taco Rock 29,30.470214,-87.24403199999999
877223,Cactus Flower Cafe,30.447438899999998,-87.2087791
877779,Hog Heaven Bar B-Q,29.2280555,-81.0090092
878981,Crydermans Barbecue,28.354523,-80.7279789
879489,Daytona Taproom,29.233953099999997,-81.0162601
880378,Pacific Rim,28.361776799999998,-80.6996948
882771,Murdocks Southern Bistro,28.352542999999997,-80.7260933
884012,Chick-fil-A,28.356558099999997,-80.68632939999999
885007,Red Robin Gourmet Burgers and Brews,28.079412899999998,-80.6514637
886778,Culver's,28.2462596,-80.7288284
887212,Arby's,28.344064999999997,-80.72820399999999
888121,Einstein Bros. Bagels,28.1873889,-80.6727032
888658,Thai Fuji Restaurant,28.2932265,-80.72335799999999
888745,McDonald's,28.568532899999997,-80.7977915
890373,Chick-fil-A,28.2658289,-80.7345794
890545,Outback Steakhouse,28.3565376,-80.684152
891743,Ruby Tuesday,28.297130799999998,-80.741967
892777,Ashley's of Rockledge,28.333064,-80.724786
893642,Shiloh's Steak & Seafood,28.57338,-80.7980201
895976,Subway,28.3957478,-80.7540053
896451,Beef 'O' Brady's,28.395200199999998,-80.7645684
896853,Subway,28.3759308,-80.73963169999999
897084,The Cheesecake Factory,28.486003099999998,-81.4313344
901603,Papa John's Pizza,27.9507709,-80.65549899999999
902171,China Wok,27.9970836,-80.6358764
902370,Rooney's,28.0349024,-80.5922592
902979,Fiesta Azteca Mexican Restaurant,28.1207285,-80.6721496
904250,Denny's,27.4487949,-80.3977584
905341,McDonald's,27.2450583,-80.27274299999999
906736,McDonald's,27.4129297,-80.39576799999999
907996,Pappy's Pizza Fort Pierce,27.4129047,-80.3954546
908202,Goodfella's Pizza,27.411824499999998,-80.3505172
909595,Wendy's,27.587082199999998,-80.3774679
910008,Pizza Hut,27.4333806,-80.3265893
910184,Pueblo Viejo Fort Pierce,27.434046199999997,-80.3261359
910764,Little Caesars,27.428861599999998,-80.32752219999999
911111,Subway,27.436443699999998,-80.35073249999999
911248,Chick-fil-A,27.418806099999998,-80.38153659999999
912423,McDonald's,27.310862999999998,-80.4054965
913565,KFC,27.443531,-80.3262634
914097,Arby's,27.280181799999998,-80.2942825
914573,IHOP,27.3166607,-80.38376269999999
915585,Starbucks,27.132438999999998,-80.206132
915883,Carmine's La Trattoria Restaurant,26.8451217,-80.0710355
916562,B Square Burgers,26.119477,-80.13235999999999
917110,Starbucks,26.122237,-80.137046
917659,The Grille on Congress,26.3956928,-80.1030579
918453,Flounder's Chowder House,30.3341598,-87.13985439999999
920819,Beachcomber St. Augustine,29.8447686,-81.2657566
921969,Wahoo Seafood Grill,29.688509999999997,-82.449304
923830,Little Margie's FA Café,29.8588889,-81.2675
924766,Blue Highway a Pizzeria,29.6563557,-82.4806748
925068,Maple Street Biscuit Company- Tioga,29.655842,-82.479708
925378,Cafe Bistro,30.335006,-87.132476
925509,Caddy's Treasure Island,27.7536654,-82.76408699999999
929217,Middle Grounds Grill,27.7708472,-82.770425
930268,Maggie Mae's Waterfront,27.9519833,-82.829696
930682,Shunk Gulley Oyster Bar,30.347424699999998,-86.22972089999999
931201,AJ's Grayton Beach,30.335939,-86.1670955
931656,Applebee's Grill + Bar,30.183427499999997,-85.80832029999999
932472,Gene's Oyster Bar,30.1533871,-85.63338999999999
932685,"Harry's Seafood, Bar & Grille",29.893406,-81.3113053
937599,A1A Burrito Works,29.8454113,-81.2676707
938570,Flanigan's Seafood Bar and Grill,26.316616699999997,-80.0764667
942113,Cantina Laredo,30.379040999999997,-86.31307269999999
942645,Starbucks,30.377439,-86.349015
942905,George's At Alys Beach,30.284408,-86.027171
943106,Hawkers Asian Street Food,28.5606165,-81.364217
944862,Negril Restaurant,28.548347999999997,-81.540088
949102,Krystal,30.180256099999998,-85.8020331
949146,Hammerhead Fred's,30.169174899999998,-85.7910217
949911,Gulf Coast Burger Co.,30.182733499999998,-85.8064117
950850,Olive Garden Italian Restaurant,30.191654,-85.650278
952313,Angelo's Seafood Restaurant,29.977065,-84.3828422
953129,Cosse's Place,30.6294458,-87.0432131
954147,Kazoku Restaurant,30.532654899999997,-87.26847049999999
954793,LongHorn Steakhouse,30.478150999999997,-87.20794099999999
955984,Petrella's Italian Cafe,30.535791399999997,-87.3117268
956590,McDonald's,30.5373488,-87.0878506
957793,Hot Head Burritos,30.534643,-87.31090999999999
958012,Restaurant Iron,30.4137494,-87.2152993
958373,Carrabba's Italian Grill,30.417488199999998,-87.2065739
959352,Pho Golden Palace Vietnamese Restaurant,30.4991448,-87.22127669999999
960040,Vallarta Mexican Grill,30.5314178,-87.2773361
960940,First Watch,30.53286,-87.227875
961810,Popeyes Louisiana Kitchen,30.533327099999998,-87.2585546
962205,Khon's on Palafox,30.4117619,-87.21492049999999
965063,Smokey Bones,28.3342852,-81.47882059999999
966556,Hurricane Grill & Wings,28.3695903,-81.5040272
967297,Anna Maria Oyster Bar on the Pier,27.4659139,-82.6955527
968524,McDonald's,30.215757099999998,-81.51087199999999
969175,Skinny's Place inc.,27.4966609,-82.71075809999999
969932,Three Fishermen Seafood Restaurant,26.658103699999998,-81.88434339999999
971165,Arby's,27.6313617,-80.3895012
971703,Woodsby's Countryside Cafe,28.2569426,-81.4640349
972736,Five Star Pizza-Kissimmee,28.258964,-81.43859789999999
973299,Bahama Breeze,28.3463468,-81.6139986
975612,Slate Restaurant,28.450433699999998,-81.496905
976064,Wendy's,28.553501599999997,-81.3536847
976820,Shakers American Café,28.563440999999997,-81.389569
977500,Café Trastevere Italian Restaurant,28.555856,-81.37665199999999
977675,Keke’s Breakfast Cafe,28.515318999999998,-81.48326899999999
980806,Tropical Smoothie Cafe,28.552802999999997,-81.3255794
980990,"Outpost Kitchen, Bar, & Provisions",28.6273511,-81.3638127
981405,Wingstop,28.551295099999997,-81.4820115
981938,Boston Market,28.512548,-81.3747065
982786,The Brass Tap,27.9459344,-82.5052106
982913,Jersey Mike's Subs,30.532925,-87.22779
983019,"MOOYAH Burgers, Fries & Shakes",28.607170099999998,-81.3647842
983862,Subway,28.982298999999998,-81.9232066
985214,Subway,29.0256834,-81.260521
985489,Jersey Mike's Subs,28.431229,-81.30758
985616,Wendy's,26.2299369,-80.1568903
986249,Old Marco Lodge Crab House,25.927176,-81.647063
986611,Chipotle Mexican Grill,28.1569145,-81.44062389999999
986710,Dunkin,25.8621043,-80.32791689999999
987021,Subway,25.747895999999997,-80.3862666
987086,Valentino's Italian Cuisine,26.2286805,-80.1031074
987551,Bojangles' Famous Chicken 'n Biscuits,28.568406799999998,-81.2163851
987873,Blaze Pizza,27.261515,-80.43144
988112,Dickeys bbq Pit,26.0514337,-80.15999699999999
988408,Tropical Smoothie Cafe,28.6568702,-81.20872039999999
988631,Olive Garden Italian Restaurant,28.2609203,-81.6096626
988671,Tropical Smoothie Cafe,25.954748,-81.72240599999999
989142,Subway,30.4813707,-81.6469857
989377,McDonald's - NEW LOCATION (next to Walgreen's) NOW OPEN,26.5121421,-80.0909729
989593,Burger King,25.756428999999997,-80.37265049999999
989796,Subway,26.7560383,-80.94953989999999
989830,Subway,30.4605975,-84.2171534
989867,Pizza Hut Express,28.93313,-81.940293
990144,Matanzas Innlet Restaurant,29.7038889,-81.22805559999999
990173,Acapulco Mexican Restaurant,29.8957537,-81.3114722
990259,Subway,28.3541138,-80.68680479999999
990363,The Café at Books & Books,25.7505596,-80.2598575
990556,Hungry Howie's Pizza,28.0180416,-82.2449273
990717,Subway,26.1478112,-80.3178286
991087,Subway,28.909652899999998,-82.0363014
991360,Wendy's,26.604763,-81.81062299999999
991631,Puerto Gallego Inc,25.8405596,-80.2817025
991826,Popeyes Louisiana Kitchen,29.3858926,-82.4519688
991881,Smoothie King,25.796564,-80.325294
992021,Subway,26.9318304,-82.2230867
992068,BurgerFi,26.3674468,-80.198143
992242,Peter Piper Pizza,26.2077299,-80.230398
992318,Sbarro,28.431278,-81.30769099999999
992559,Canton Star,25.697427599999997,-80.4473835
992632,Cake Thai,25.8036602,-80.19886509999999
992734,Beef 'O' Brady's,27.0165929,-82.04247319999999
992854,Subway,27.976834699999998,-81.64910359999999
993058,Domino's Pizza,28.3705903,-81.3678705
993243,Subway,30.516457799999998,-87.21746759999999
993297,Smoothie King,25.760559999999998,-80.42536
993326,Dunkin,28.626101799999997,-81.2082899
993620,Panda Express,28.5982101,-81.21389239999999
993690,Dunkin,27.880810099999998,-82.8318913
993716,Subway,26.0303844,-80.3574165
993751,Chipotle Mexican Grill,28.0362501,-80.6691038
994018,Auntie Anne's,30.1856431,-81.55391689999999
994349,Long John Silver's,28.1295829,-81.97427139999999
994484,Papa John's Pizza,26.367296,-80.1752168
994588,Marco's PIzza,28.094251999999997,-82.50403
994623,Rita's Italian Ice & Frozen Custard,26.019641999999997,-80.11587
995064,Auntie Anne's,27.930874199999998,-82.3254201
995289,Panera Bread,28.1875689,-82.5506384
995716,Subway,28.733291899999998,-81.1157254
996586,Subway,30.2813041,-82.98970109999999
996714,Players Sports Pub,27.9517718,-82.5214949
996875,Subway,25.9106263,-81.3653554
996982,Wing Street,28.9116434,-81.2885426
997006,Pizza Hut Express,30.630333,-81.55325169999999
997918,Hungry Howie's Pizza & Subs,28.665165299999998,-81.2249628
998260,China Max,28.8251109,-81.78451199999999
998704,Nekter Juice Bar,28.2049713,-82.6646329
999198,Chipotle Mexican Grill,30.4353117,-84.2926217
999356,Starbucks,27.949607999999998,-81.97151
999547,Menchie's Frozen Yogurt,26.454898999999997,-80.189285
999648,Auntie Anne's,30.1850156,-81.735113
999785,Einstein Bros. Bagels,26.465974,-81.77212
999875,Chick-fil-A,25.785413199999997,-80.219216
1000355,Cibo Wine Bar Ft Lauderdale,26.1787489,-80.1191575
1001032,Rita's Italian Ice & Frozen Custard,27.996112399999998,-80.67455799999999
1001051,Red Carpet Italian Restaurant Downtown,25.7743389,-80.1923046
1001122,Pizza Hut Express,28.291136299999998,-82.71169789999999
1001387,Wing Street,28.7547499,-81.28876439999999
1001502,Tropical Smoothie Cafe,28.532741599999998,-82.5020826
1001524,Auntie Anne's,28.558083699999997,-81.5158285
1001591,Jimmy John's,26.1768857,-81.799163
1001645,Subway,26.696381199999998,-80.6836673
1001916,Subway,28.924097,-81.187637
1002402,Little Caesars Pizza,27.050383,-82.39274999999999
1002580,McDonald's,28.857168299999998,-82.3932933
1002623,China Town,26.8490699,-80.0851564
1002701,Sbarro,30.4748262,-87.2074585
1002870,Marino's Italian Restaurant,26.0576051,-80.2081214
1002957,Gianni's Pizza,27.0982919,-82.44467569999999
1003034,Joseph's Organic Bakery,25.943718399999998,-80.14926179999999
1003185,Nathan's,26.5280664,-81.7554439
1003266,Charleys Cheesesteaks,30.4833,-86.505195
1003406,Bluefire Grille,26.838089099999998,-80.0993167
1003700,Quiznos,27.4327227,-82.39712349999999
1003963,Subway,25.5801557,-80.3957441
1004009,Pizza Hut,26.156839599999998,-80.2024201
1004068,Subway,25.7413998,-80.294427
1004311,Subway,27.9439243,-82.7464148
1004690,Pizza Hut,25.9407422,-80.2597025
1004718,Dunkin',26.136166499999998,-80.180936
1004846,Carvel,25.770885699999997,-80.3317526
1004990,Subway,26.6507728,-80.1436286
1005260,MOCA CAFÉ,30.3292662,-81.6585309
1005304,Domino's Pizza,27.2271608,-82.4909564
1005508,Tropical Smoothie Cafe,28.7612962,-81.2843465
1005758,Subway,26.8932897,-82.0133626
